<?xml version="1.0" encoding="UTF-8" standalone="no"?>
<database name="openparliament" schema="public" type="PostgreSQL - 13.0">
   <sequences>
      <sequence increment="1" name="bills_bill_id_seq" startValue="1"/>
      <sequence increment="1" name="bills_billevent_committee_meetings_id_seq" startValue="1"/>
      <sequence increment="1" name="bills_billevent_id_seq" startValue="1"/>
      <sequence increment="1" name="bills_billinsession_id_seq" startValue="1"/>
      <sequence increment="1" name="bills_billtext_id_seq" startValue="1"/>
      <sequence increment="1" name="bills_membervote_id_seq" startValue="1"/>
      <sequence increment="1" name="bills_partyvote_id_seq" startValue="1"/>
      <sequence increment="1" name="bills_votequestion_id_seq" startValue="1"/>
      <sequence increment="1" name="committees_committee_id_seq" startValue="1"/>
      <sequence increment="1" name="committees_committeeactivity_id_seq" startValue="1"/>
      <sequence increment="1" name="committees_committeeactivityinsession_id_seq" startValue="1"/>
      <sequence increment="1" name="committees_committeeinsession_id_seq" startValue="1"/>
      <sequence increment="1" name="committees_committeemeeting_activities_id_seq" startValue="1"/>
      <sequence increment="1" name="committees_committeemeeting_id_seq" startValue="1"/>
      <sequence increment="1" name="committees_committeereport_id_seq" startValue="1"/>
      <sequence increment="1" name="core_electedmember_id_seq" startValue="1"/>
      <sequence increment="1" name="core_electedmember_sessions_id_seq" startValue="1"/>
      <sequence increment="1" name="core_internalxref_id_seq" startValue="1"/>
      <sequence increment="1" name="core_party_id_seq" startValue="1"/>
      <sequence increment="1" name="core_politician_id_seq" startValue="1"/>
      <sequence increment="1" name="core_politicianinfo_id_seq" startValue="1"/>
      <sequence increment="1" name="core_riding_id_seq" startValue="1"/>
      <sequence increment="1" name="core_sitenews_id_seq" startValue="1"/>
      <sequence increment="1" name="elections_candidacy_id_seq" startValue="1"/>
      <sequence increment="1" name="elections_election_id_seq" startValue="1"/>
      <sequence increment="1" name="financials_contribution_id_seq" startValue="1"/>
      <sequence increment="1" name="financials_contributor_id_seq" startValue="1"/>
      <sequence increment="1" name="hansards_document_id_seq" startValue="1"/>
      <sequence increment="1" name="hansards_oldsequencemapping_id_seq" startValue="1"/>
      <sequence increment="1" name="hansards_statement_bills_id_seq" startValue="1"/>
      <sequence increment="1" name="hansards_statement_id_seq" startValue="1"/>
      <sequence increment="1" name="hansards_statement_mentioned_politicians_id_seq" startValue="1"/>
   </sequences>
   <tables>
      <table name="bills_bill" numRows="5261" remarks="" schema="public" type="TABLE">
         <column autoUpdated="true" defaultValue="nextval('bills_bill_id_seq'::regclass)" digits="0" id="0" name="id" nullable="false" remarks="" size="10" type="serial" typeCode="4">
            <child column="bill_id" foreignKey="bill_id_refs_id_75c273ca" implied="false" onDeleteCascade="false" schema="public" table="bills_billinsession"/>
            <child column="bill_id" foreignKey="bill_id_refs_id_66317eca06bd532e" implied="false" onDeleteCascade="false" schema="public" table="bills_billtext"/>
            <child column="bill_id" foreignKey="bill_id_refs_id_18a9b224" implied="false" onDeleteCascade="false" schema="public" table="bills_votequestion"/>
            <child column="bill_id" foreignKey="bill_id_refs_id_46176610" implied="false" onDeleteCascade="false" schema="public" table="hansards_statement_bills"/>
         </column>
         <column autoUpdated="false" defaultValue="null" digits="0" id="1" name="name_en" nullable="false" remarks="" size="2147483647" type="text" typeCode="12"/>
         <column autoUpdated="false" defaultValue="null" digits="0" id="2" name="number" nullable="false" remarks="" size="10" type="varchar" typeCode="12"/>
         <column autoUpdated="false" defaultValue="null" digits="0" id="3" name="number_only" nullable="false" remarks="" size="5" type="int2" typeCode="5"/>
         <column autoUpdated="false" defaultValue="null" digits="0" id="4" name="sponsor_member_id" nullable="true" remarks="" size="10" type="int4" typeCode="4">
            <parent column="id" foreignKey="sponsor_member_id_refs_id_6f3f762b" implied="false" onDeleteCascade="false" schema="public" table="core_electedmember"/>
         </column>
         <column autoUpdated="false" defaultValue="null" digits="0" id="5" name="privatemember" nullable="true" remarks="" size="1" type="bool" typeCode="-7"/>
         <column autoUpdated="false" defaultValue="null" digits="0" id="6" name="sponsor_politician_id" nullable="true" remarks="" size="10" type="int4" typeCode="4">
            <parent column="id" foreignKey="sponsor_politician_id_refs_id_188d955c" implied="false" onDeleteCascade="false" schema="public" table="core_politician"/>
         </column>
         <column autoUpdated="false" defaultValue="null" digits="0" id="7" name="law" nullable="true" remarks="" size="1" type="bool" typeCode="-7"/>
         <column autoUpdated="false" defaultValue="null" digits="0" id="8" name="added" nullable="false" remarks="" size="13" type="date" typeCode="91"/>
         <column autoUpdated="false" defaultValue="null" digits="0" id="9" name="institution" nullable="false" remarks="" size="1" type="varchar" typeCode="12"/>
         <column autoUpdated="false" defaultValue="null" digits="0" id="10" name="name_fr" nullable="false" remarks="" size="2147483647" type="text" typeCode="12"/>
         <column autoUpdated="false" defaultValue="null" digits="0" id="11" name="short_title_en" nullable="false" remarks="" size="2147483647" type="text" typeCode="12"/>
         <column autoUpdated="false" defaultValue="null" digits="0" id="12" name="short_title_fr" nullable="false" remarks="" size="2147483647" type="text" typeCode="12"/>
         <column autoUpdated="false" defaultValue="null" digits="0" id="13" name="status_date" nullable="true" remarks="" size="13" type="date" typeCode="91"/>
         <column autoUpdated="false" defaultValue="null" digits="0" id="14" name="introduced" nullable="true" remarks="" size="13" type="date" typeCode="91"/>
         <column autoUpdated="false" defaultValue="null" digits="0" id="15" name="text_docid" nullable="true" remarks="" size="10" type="int4" typeCode="4"/>
         <column autoUpdated="false" defaultValue="null" digits="0" id="16" name="status_code" nullable="false" remarks="" size="50" type="varchar" typeCode="12"/>
         <primaryKey column="id" sequenceNumberInPK="1"/>
         <index name="bills_bill_pkey" unique="true">
            <column ascending="true" name="id"/>
         </index>
         <index name="bills_bill_added" unique="false">
            <column ascending="true" name="added"/>
         </index>
         <index name="bills_bill_institution" unique="false">
            <column ascending="true" name="institution"/>
         </index>
         <index name="bills_bill_institution_like" unique="false">
            <column ascending="true" name="institution"/>
         </index>
         <index name="bills_bill_sponsor_member_id" unique="false">
            <column ascending="true" name="sponsor_member_id"/>
         </index>
         <index name="bills_bill_sponsor_politician_id" unique="false">
            <column ascending="true" name="sponsor_politician_id"/>
         </index>
      </table>
      <table name="bills_billevent" numRows="14163" remarks="" schema="public" type="TABLE">
         <column autoUpdated="true" defaultValue="nextval('bills_billevent_id_seq'::regclass)" digits="0" id="0" name="id" nullable="false" remarks="" size="10" type="serial" typeCode="4">
            <child column="billevent_id" foreignKey="billevent_id_refs_id_159f3caa65b4bc07" implied="false" onDeleteCascade="false" schema="public" table="bills_billevent_committee_meetings"/>
         </column>
         <column autoUpdated="false" defaultValue="null" digits="0" id="1" name="bis_id" nullable="false" remarks="" size="10" type="int4" typeCode="4">
            <parent column="id" foreignKey="bis_id_refs_id_57a47901e00ed2e8" implied="false" onDeleteCascade="false" schema="public" table="bills_billinsession"/>
         </column>
         <column autoUpdated="false" defaultValue="null" digits="0" id="2" name="date" nullable="false" remarks="" size="13" type="date" typeCode="91"/>
         <column autoUpdated="false" defaultValue="null" digits="0" id="3" name="source_id" nullable="false" remarks="" size="10" type="int4" typeCode="4"/>
         <column autoUpdated="false" defaultValue="null" digits="0" id="4" name="institution" nullable="false" remarks="" size="1" type="varchar" typeCode="12"/>
         <column autoUpdated="false" defaultValue="null" digits="0" id="5" name="status_en" nullable="false" remarks="" size="2147483647" type="text" typeCode="12"/>
         <column autoUpdated="false" defaultValue="null" digits="0" id="6" name="status_fr" nullable="false" remarks="" size="2147483647" type="text" typeCode="12"/>
         <column autoUpdated="false" defaultValue="null" digits="0" id="7" name="debate_id" nullable="true" remarks="" size="10" type="int4" typeCode="4">
            <parent column="id" foreignKey="debate_id_refs_id_7e753bd0705fbae9" implied="false" onDeleteCascade="false" schema="public" table="hansards_document"/>
         </column>
         <primaryKey column="id" sequenceNumberInPK="1"/>
         <index name="bills_billevent_pkey" unique="true">
            <column ascending="true" name="id"/>
         </index>
         <index name="bills_billevent_bis_id" unique="false">
            <column ascending="true" name="bis_id"/>
         </index>
         <index name="bills_billevent_date" unique="false">
            <column ascending="true" name="date"/>
         </index>
         <index name="bills_billevent_debate_id" unique="false">
            <column ascending="true" name="debate_id"/>
         </index>
         <index name="bills_billevent_source_id_key" unique="true">
            <column ascending="true" name="source_id"/>
         </index>
         <checkConstraint constraint="((source_id &gt;= 0))" name="bills_billevent_source_id_check"/>
      </table>
      <table name="bills_billevent_committee_meetings" numRows="0" remarks="" schema="public" type="TABLE">
         <column autoUpdated="true" defaultValue="nextval('bills_billevent_committee_meetings_id_seq'::regclass)" digits="0" id="0" name="id" nullable="false" remarks="" size="10" type="serial" typeCode="4"/>
         <column autoUpdated="false" defaultValue="null" digits="0" id="1" name="billevent_id" nullable="false" remarks="" size="10" type="int4" typeCode="4">
            <parent column="id" foreignKey="billevent_id_refs_id_159f3caa65b4bc07" implied="false" onDeleteCascade="false" schema="public" table="bills_billevent"/>
         </column>
         <column autoUpdated="false" defaultValue="null" digits="0" id="2" name="committeemeeting_id" nullable="false" remarks="" size="10" type="int4" typeCode="4">
            <parent column="id" foreignKey="committeemeeting_id_refs_id_728905a0b280c21c" implied="false" onDeleteCascade="false" schema="public" table="committees_committeemeeting"/>
         </column>
         <primaryKey column="id" sequenceNumberInPK="1"/>
         <index name="bills_billevent_committee_meetings_pkey" unique="true">
            <column ascending="true" name="id"/>
         </index>
         <index name="bills_billevent_committee_me_billevent_id_6d29df52b38817f7_uniq" unique="true">
            <column ascending="true" name="billevent_id"/>
            <column ascending="true" name="committeemeeting_id"/>
         </index>
         <index name="bills_billevent_committee_meetings_billevent_id" unique="false">
            <column ascending="true" name="billevent_id"/>
         </index>
         <index name="bills_billevent_committee_meetings_committeemeeting_id" unique="false">
            <column ascending="true" name="committeemeeting_id"/>
         </index>
      </table>
      <table name="bills_billinsession" numRows="6479" remarks="" schema="public" type="TABLE">
         <column autoUpdated="true" defaultValue="nextval('bills_billinsession_id_seq'::regclass)" digits="0" id="0" name="id" nullable="false" remarks="" size="10" type="serial" typeCode="4">
            <child column="bis_id" foreignKey="bis_id_refs_id_57a47901e00ed2e8" implied="false" onDeleteCascade="false" schema="public" table="bills_billevent"/>
         </column>
         <column autoUpdated="false" defaultValue="null" digits="0" id="1" name="bill_id" nullable="false" remarks="" size="10" type="int4" typeCode="4">
            <parent column="id" foreignKey="bill_id_refs_id_75c273ca" implied="false" onDeleteCascade="false" schema="public" table="bills_bill"/>
         </column>
         <column autoUpdated="false" defaultValue="null" digits="0" id="2" name="session_id" nullable="false" remarks="" size="4" type="varchar" typeCode="12">
            <parent column="id" foreignKey="session_id_refs_id_4b91b466" implied="false" onDeleteCascade="false" schema="public" table="core_session"/>
         </column>
         <column autoUpdated="false" defaultValue="null" digits="0" id="3" name="legisinfo_id" nullable="true" remarks="" size="10" type="int4" typeCode="4"/>
         <column autoUpdated="false" defaultValue="null" digits="0" id="4" name="introduced" nullable="true" remarks="" size="13" type="date" typeCode="91"/>
         <column autoUpdated="false" defaultValue="null" digits="0" id="5" name="sponsor_politician_id" nullable="true" remarks="" size="10" type="int4" typeCode="4">
            <parent column="id" foreignKey="sponsor_politician_id_refs_id_47c3712866e2f0e2" implied="false" onDeleteCascade="false" schema="public" table="core_politician"/>
         </column>
         <column autoUpdated="false" defaultValue="null" digits="0" id="6" name="sponsor_member_id" nullable="true" remarks="" size="10" type="int4" typeCode="4">
            <parent column="id" foreignKey="sponsor_member_id_refs_id_35000055468a8331" implied="false" onDeleteCascade="false" schema="public" table="core_electedmember"/>
         </column>
         <primaryKey column="id" sequenceNumberInPK="1"/>
         <index name="bills_billinsession_pkey" unique="true">
            <column ascending="true" name="id"/>
         </index>
         <index name="bills_bill_sessions_bill_id" unique="false">
            <column ascending="true" name="bill_id"/>
         </index>
         <index name="bills_bill_sessions_bill_id_1a3e0259_uniq" unique="true">
            <column ascending="true" name="bill_id"/>
            <column ascending="true" name="session_id"/>
         </index>
         <index name="bills_bill_sessions_session_id" unique="false">
            <column ascending="true" name="session_id"/>
         </index>
         <index name="bills_billinsession_introduced" unique="false">
            <column ascending="true" name="introduced"/>
         </index>
         <index name="bills_billinsession_legisinfo_id" unique="false">
            <column ascending="true" name="legisinfo_id"/>
         </index>
         <index name="bills_billinsession_sponsor_member_id" unique="false">
            <column ascending="true" name="sponsor_member_id"/>
         </index>
         <index name="bills_billinsession_sponsor_politician_id" unique="false">
            <column ascending="true" name="sponsor_politician_id"/>
         </index>
         <checkConstraint constraint="((legisinfo_id &gt;= 0))" name="bills_billinsession_legisinfo_id_check"/>
      </table>
      <table name="bills_billtext" numRows="4329" remarks="" schema="public" type="TABLE">
         <column autoUpdated="true" defaultValue="nextval('bills_billtext_id_seq'::regclass)" digits="0" id="0" name="id" nullable="false" remarks="" size="10" type="serial" typeCode="4"/>
         <column autoUpdated="false" defaultValue="null" digits="0" id="1" name="bill_id" nullable="false" remarks="" size="10" type="int4" typeCode="4">
            <parent column="id" foreignKey="bill_id_refs_id_66317eca06bd532e" implied="false" onDeleteCascade="false" schema="public" table="bills_bill"/>
         </column>
         <column autoUpdated="false" defaultValue="null" digits="0" id="2" name="docid" nullable="false" remarks="" size="10" type="int4" typeCode="4"/>
         <column autoUpdated="false" defaultValue="'2012-10-05 17:47:51.655741-04'::timestamp with time zone" digits="6" id="3" name="created" nullable="false" remarks="" size="35" type="timestamptz" typeCode="93"/>
         <column autoUpdated="false" defaultValue="null" digits="0" id="4" name="text_en" nullable="false" remarks="" size="2147483647" type="text" typeCode="12"/>
         <column autoUpdated="false" defaultValue="null" digits="0" id="5" name="text_fr" nullable="false" remarks="" size="2147483647" type="text" typeCode="12"/>
         <primaryKey column="id" sequenceNumberInPK="1"/>
         <index name="bills_billtext_pkey" unique="true">
            <column ascending="true" name="id"/>
         </index>
         <index name="bills_billtext_bill_id" unique="false">
            <column ascending="true" name="bill_id"/>
         </index>
         <index name="bills_billtext_docid" unique="false">
            <column ascending="true" name="docid"/>
         </index>
         <index name="bills_billtext_docid_uniq" unique="true">
            <column ascending="true" name="docid"/>
         </index>
         <checkConstraint constraint="((docid &gt;= 0))" name="bills_billtext_docid_check"/>
      </table>
      <table name="bills_membervote" numRows="1076494" remarks="" schema="public" type="TABLE">
         <column autoUpdated="false" defaultValue="null" digits="0" id="0" name="member_id" nullable="false" remarks="" size="10" type="int4" typeCode="4">
            <parent column="id" foreignKey="member_id_refs_id_6dc7c26e" implied="false" onDeleteCascade="false" schema="public" table="core_electedmember"/>
         </column>
         <column autoUpdated="false" defaultValue="null" digits="0" id="1" name="politician_id" nullable="false" remarks="" size="10" type="int4" typeCode="4">
            <parent column="id" foreignKey="politician_id_refs_id_192c901f" implied="false" onDeleteCascade="false" schema="public" table="core_politician"/>
         </column>
         <column autoUpdated="false" defaultValue="null" digits="0" id="2" name="votequestion_id" nullable="false" remarks="" size="10" type="int4" typeCode="4">
            <parent column="id" foreignKey="votequestion_id_refs_id_78e71319" implied="false" onDeleteCascade="false" schema="public" table="bills_votequestion"/>
         </column>
         <column autoUpdated="true" defaultValue="nextval('bills_membervote_id_seq'::regclass)" digits="0" id="3" name="id" nullable="false" remarks="" size="10" type="serial" typeCode="4"/>
         <column autoUpdated="false" defaultValue="null" digits="0" id="4" name="vote" nullable="false" remarks="" size="1" type="varchar" typeCode="12"/>
         <column autoUpdated="false" defaultValue="null" digits="0" id="5" name="dissent" nullable="false" remarks="" size="1" type="bool" typeCode="-7"/>
         <primaryKey column="id" sequenceNumberInPK="1"/>
         <index name="bills_membervote_pkey" unique="true">
            <column ascending="true" name="id"/>
         </index>
         <index name="bills_membervote_dissent" unique="false">
            <column ascending="true" name="dissent"/>
         </index>
         <index name="bills_membervote_member_id" unique="false">
            <column ascending="true" name="member_id"/>
         </index>
         <index name="bills_membervote_politician_id" unique="false">
            <column ascending="true" name="politician_id"/>
         </index>
         <index name="bills_membervote_votequestion_id" unique="false">
            <column ascending="true" name="votequestion_id"/>
         </index>
      </table>
      <table name="bills_partyvote" numRows="16771" remarks="" schema="public" type="TABLE">
         <column autoUpdated="false" defaultValue="null" digits="0" id="0" name="vote" nullable="false" remarks="" size="1" type="varchar" typeCode="12"/>
         <column autoUpdated="false" defaultValue="null" digits="0" id="1" name="party_id" nullable="false" remarks="" size="10" type="int4" typeCode="4">
            <parent column="id" foreignKey="party_id_refs_id_9851b846370180b" implied="false" onDeleteCascade="false" schema="public" table="core_party"/>
         </column>
         <column autoUpdated="false" defaultValue="null" digits="0" id="2" name="votequestion_id" nullable="false" remarks="" size="10" type="int4" typeCode="4">
            <parent column="id" foreignKey="votequestion_id_refs_id_4e023d5564becbea" implied="false" onDeleteCascade="false" schema="public" table="bills_votequestion"/>
         </column>
         <column autoUpdated="true" defaultValue="nextval('bills_partyvote_id_seq'::regclass)" digits="0" id="3" name="id" nullable="false" remarks="" size="10" type="serial" typeCode="4"/>
         <column autoUpdated="false" defaultValue="null" digits="17" id="4" name="disagreement" nullable="true" remarks="" size="17" type="float8" typeCode="8"/>
         <primaryKey column="id" sequenceNumberInPK="1"/>
         <index name="bills_partyvote_pkey" unique="true">
            <column ascending="true" name="id"/>
         </index>
         <index name="bills_partyvote_party_id" unique="false">
            <column ascending="true" name="party_id"/>
         </index>
         <index name="bills_partyvote_party_id_3db5377c11c3b9f1_uniq" unique="true">
            <column ascending="true" name="party_id"/>
            <column ascending="true" name="votequestion_id"/>
         </index>
         <index name="bills_partyvote_votequestion_id" unique="false">
            <column ascending="true" name="votequestion_id"/>
         </index>
      </table>
      <table name="bills_votequestion" numRows="3374" remarks="" schema="public" type="TABLE">
         <column autoUpdated="false" defaultValue="null" digits="0" id="0" name="description_en" nullable="false" remarks="" size="2147483647" type="text" typeCode="12"/>
         <column autoUpdated="false" defaultValue="null" digits="0" id="1" name="nay_total" nullable="false" remarks="" size="5" type="int2" typeCode="5"/>
         <column autoUpdated="false" defaultValue="null" digits="0" id="2" name="bill_id" nullable="true" remarks="" size="10" type="int4" typeCode="4">
            <parent column="id" foreignKey="bill_id_refs_id_18a9b224" implied="false" onDeleteCascade="false" schema="public" table="bills_bill"/>
         </column>
         <column autoUpdated="false" defaultValue="null" digits="0" id="3" name="paired_total" nullable="false" remarks="" size="5" type="int2" typeCode="5"/>
         <column autoUpdated="false" defaultValue="null" digits="0" id="4" name="number" nullable="false" remarks="" size="10" type="int4" typeCode="4"/>
         <column autoUpdated="false" defaultValue="null" digits="0" id="5" name="session_id" nullable="false" remarks="" size="4" type="varchar" typeCode="12">
            <parent column="id" foreignKey="session_id_refs_id_466b6e40" implied="false" onDeleteCascade="false" schema="public" table="core_session"/>
         </column>
         <column autoUpdated="false" defaultValue="null" digits="0" id="6" name="result" nullable="false" remarks="" size="1" type="varchar" typeCode="12"/>
         <column autoUpdated="false" defaultValue="null" digits="0" id="7" name="date" nullable="false" remarks="" size="13" type="date" typeCode="91"/>
         <column autoUpdated="true" defaultValue="nextval('bills_votequestion_id_seq'::regclass)" digits="0" id="8" name="id" nullable="false" remarks="" size="10" type="serial" typeCode="4">
            <child column="votequestion_id" foreignKey="votequestion_id_refs_id_78e71319" implied="false" onDeleteCascade="false" schema="public" table="bills_membervote"/>
            <child column="votequestion_id" foreignKey="votequestion_id_refs_id_4e023d5564becbea" implied="false" onDeleteCascade="false" schema="public" table="bills_partyvote"/>
         </column>
         <column autoUpdated="false" defaultValue="null" digits="0" id="9" name="yea_total" nullable="false" remarks="" size="5" type="int2" typeCode="5"/>
         <column autoUpdated="false" defaultValue="null" digits="0" id="10" name="context_statement_id" nullable="true" remarks="" size="10" type="int4" typeCode="4">
            <parent column="id" foreignKey="context_statement_id_refs_id_2c302e8372d5470a" implied="false" onDeleteCascade="false" schema="public" table="hansards_statement"/>
         </column>
         <column autoUpdated="false" defaultValue="null" digits="0" id="11" name="description_fr" nullable="false" remarks="" size="2147483647" type="text" typeCode="12"/>
         <primaryKey column="id" sequenceNumberInPK="1"/>
         <index name="bills_votequestion_pkey" unique="true">
            <column ascending="true" name="id"/>
         </index>
         <index name="bills_votequestion_bill_id" unique="false">
            <column ascending="true" name="bill_id"/>
         </index>
         <index name="bills_votequestion_context_statement_id" unique="false">
            <column ascending="true" name="context_statement_id"/>
         </index>
         <index name="bills_votequestion_date" unique="false">
            <column ascending="true" name="date"/>
         </index>
         <index name="bills_votequestion_session_id" unique="false">
            <column ascending="true" name="session_id"/>
         </index>
         <checkConstraint constraint="((number &gt;= 0))" name="bills_votequestion_number_check"/>
      </table>
      <table name="committees_committee" numRows="111" remarks="" schema="public" type="TABLE">
         <column autoUpdated="true" defaultValue="nextval('committees_committee_id_seq'::regclass)" digits="0" id="0" name="id" nullable="false" remarks="" size="10" type="serial" typeCode="4">
            <child column="parent_id" foreignKey="parent_id_refs_id_65ecaa5ea7c4a6ed" implied="false" onDeleteCascade="false" schema="public" table="committees_committee"/>
            <child column="committee_id" foreignKey="committee_id_refs_id_6c864d27b9f2f5dc" implied="false" onDeleteCascade="false" schema="public" table="committees_committeeactivity"/>
            <child column="committee_id" foreignKey="committee_id_refs_id_327e5d4ea016f8b1" implied="false" onDeleteCascade="false" schema="public" table="committees_committeeinsession"/>
            <child column="committee_id" foreignKey="committee_id_refs_id_5ea2b11ef8d19907" implied="false" onDeleteCascade="false" schema="public" table="committees_committeemeeting"/>
            <child column="committee_id" foreignKey="committee_id_refs_id_7ee00b7a3c19862d" implied="false" onDeleteCascade="false" schema="public" table="committees_committeereport"/>
         </column>
         <column autoUpdated="false" defaultValue="null" digits="0" id="1" name="name_en" nullable="false" remarks="" size="2147483647" type="text" typeCode="12"/>
         <column autoUpdated="false" defaultValue="null" digits="0" id="2" name="short_name_en" nullable="false" remarks="" size="2147483647" type="text" typeCode="12"/>
         <column autoUpdated="false" defaultValue="null" digits="0" id="3" name="slug" nullable="false" remarks="" size="50" type="varchar" typeCode="12"/>
         <column autoUpdated="false" defaultValue="null" digits="0" id="4" name="parent_id" nullable="true" remarks="" size="10" type="int4" typeCode="4">
            <parent column="id" foreignKey="parent_id_refs_id_65ecaa5ea7c4a6ed" implied="false" onDeleteCascade="false" schema="public" table="committees_committee"/>
         </column>
         <column autoUpdated="false" defaultValue="null" digits="0" id="5" name="display" nullable="false" remarks="" size="1" type="bool" typeCode="-7"/>
         <column autoUpdated="false" defaultValue="null" digits="0" id="6" name="name_fr" nullable="false" remarks="" size="2147483647" type="text" typeCode="12"/>
         <column autoUpdated="false" defaultValue="null" digits="0" id="7" name="short_name_fr" nullable="false" remarks="" size="2147483647" type="text" typeCode="12"/>
         <column autoUpdated="false" defaultValue="null" digits="0" id="8" name="joint" nullable="false" remarks="" size="1" type="bool" typeCode="-7"/>
         <primaryKey column="id" sequenceNumberInPK="1"/>
         <index name="committees_committee_pkey" unique="true">
            <column ascending="true" name="id"/>
         </index>
         <index name="committees_committee_display" unique="false">
            <column ascending="true" name="display"/>
         </index>
         <index name="committees_committee_parent_id" unique="false">
            <column ascending="true" name="parent_id"/>
         </index>
         <index name="committees_committee_slug_key" unique="true">
            <column ascending="true" name="slug"/>
         </index>
      </table>
      <table name="committees_committeeactivity" numRows="3801" remarks="" schema="public" type="TABLE">
         <column autoUpdated="true" defaultValue="nextval('committees_committeeactivity_id_seq'::regclass)" digits="0" id="0" name="id" nullable="false" remarks="" size="10" type="serial" typeCode="4">
            <child column="activity_id" foreignKey="activity_id_refs_id_3cfdfcb6d1df7113" implied="false" onDeleteCascade="false" schema="public" table="committees_committeeactivityinsession"/>
            <child column="committeeactivity_id" foreignKey="committeeactivity_id_refs_id_21c3633048e142c3" implied="false" onDeleteCascade="false" schema="public" table="committees_committeemeeting_activities"/>
         </column>
         <column autoUpdated="false" defaultValue="null" digits="0" id="1" name="committee_id" nullable="false" remarks="" size="10" type="int4" typeCode="4">
            <parent column="id" foreignKey="committee_id_refs_id_6c864d27b9f2f5dc" implied="false" onDeleteCascade="false" schema="public" table="committees_committee"/>
         </column>
         <column autoUpdated="false" defaultValue="null" digits="0" id="2" name="name_en" nullable="false" remarks="" size="500" type="varchar" typeCode="12"/>
         <column autoUpdated="false" defaultValue="null" digits="0" id="3" name="name_fr" nullable="false" remarks="" size="500" type="varchar" typeCode="12"/>
         <column autoUpdated="false" defaultValue="false" digits="0" id="4" name="study" nullable="false" remarks="" size="1" type="bool" typeCode="-7"/>
         <primaryKey column="id" sequenceNumberInPK="1"/>
         <index name="committees_committeeactivity_pkey" unique="true">
            <column ascending="true" name="id"/>
         </index>
         <index name="committees_committeeactivity_committee_id" unique="false">
            <column ascending="true" name="committee_id"/>
         </index>
      </table>
      <table name="committees_committeeactivityinsession" numRows="4470" remarks="" schema="public" type="TABLE">
         <column autoUpdated="true" defaultValue="nextval('committees_committeeactivityinsession_id_seq'::regclass)" digits="0" id="0" name="id" nullable="false" remarks="" size="10" type="serial" typeCode="4"/>
         <column autoUpdated="false" defaultValue="null" digits="0" id="1" name="activity_id" nullable="false" remarks="" size="10" type="int4" typeCode="4">
            <parent column="id" foreignKey="activity_id_refs_id_3cfdfcb6d1df7113" implied="false" onDeleteCascade="false" schema="public" table="committees_committeeactivity"/>
         </column>
         <column autoUpdated="false" defaultValue="null" digits="0" id="2" name="session_id" nullable="false" remarks="" size="4" type="varchar" typeCode="12">
            <parent column="id" foreignKey="session_id_refs_id_51b2741ca7fe3c4" implied="false" onDeleteCascade="false" schema="public" table="core_session"/>
         </column>
         <column autoUpdated="false" defaultValue="null" digits="0" id="3" name="source_id" nullable="false" remarks="" size="10" type="int4" typeCode="4"/>
         <primaryKey column="id" sequenceNumberInPK="1"/>
         <index name="committees_committeeactivityinsession_pkey" unique="true">
            <column ascending="true" name="id"/>
         </index>
         <index name="committees_committeeactivityi_activity_id_7357f535d6955621_uniq" unique="true">
            <column ascending="true" name="activity_id"/>
            <column ascending="true" name="session_id"/>
         </index>
         <index name="committees_committeeactivityinsession_activity_id" unique="false">
            <column ascending="true" name="activity_id"/>
         </index>
         <index name="committees_committeeactivityinsession_session_id" unique="false">
            <column ascending="true" name="session_id"/>
         </index>
         <index name="committees_committeeactivityinsession_session_id_like" unique="false">
            <column ascending="true" name="session_id"/>
         </index>
         <index name="committees_committeeactivityinsession_source_id_key" unique="true">
            <column ascending="true" name="source_id"/>
         </index>
      </table>
      <table name="committees_committeeinsession" numRows="526" remarks="" schema="public" type="TABLE">
         <column autoUpdated="true" defaultValue="nextval('committees_committeeinsession_id_seq'::regclass)" digits="0" id="0" name="id" nullable="false" remarks="" size="10" type="serial" typeCode="4"/>
         <column autoUpdated="false" defaultValue="null" digits="0" id="1" name="session_id" nullable="false" remarks="" size="4" type="varchar" typeCode="12">
            <parent column="id" foreignKey="session_id_refs_id_317cb71f31729d81" implied="false" onDeleteCascade="false" schema="public" table="core_session"/>
         </column>
         <column autoUpdated="false" defaultValue="null" digits="0" id="2" name="committee_id" nullable="false" remarks="" size="10" type="int4" typeCode="4">
            <parent column="id" foreignKey="committee_id_refs_id_327e5d4ea016f8b1" implied="false" onDeleteCascade="false" schema="public" table="committees_committee"/>
         </column>
         <column autoUpdated="false" defaultValue="null" digits="0" id="3" name="acronym" nullable="false" remarks="" size="5" type="varchar" typeCode="12"/>
         <primaryKey column="id" sequenceNumberInPK="1"/>
         <index name="committees_committeeinsession_pkey" unique="true">
            <column ascending="true" name="id"/>
         </index>
         <index name="committees_committeeinsession_acronym" unique="false">
            <column ascending="true" name="acronym"/>
         </index>
         <index name="committees_committeeinsession_acronym_4d7dee190bc1dac4_uniq" unique="true">
            <column ascending="true" name="acronym"/>
            <column ascending="true" name="session_id"/>
         </index>
         <index name="committees_committeeinsession_acronym_like" unique="false">
            <column ascending="true" name="acronym"/>
         </index>
         <index name="committees_committeeinsession_committee_id" unique="false">
            <column ascending="true" name="committee_id"/>
         </index>
         <index name="committees_committeeinsession_session_id" unique="false">
            <column ascending="true" name="session_id"/>
         </index>
         <index name="committees_committeeinsession_session_id_7ce4b4057e46edfd_uniq" unique="true">
            <column ascending="true" name="session_id"/>
            <column ascending="true" name="committee_id"/>
         </index>
         <index name="committees_committeeinsession_session_id_like" unique="false">
            <column ascending="true" name="session_id"/>
         </index>
      </table>
      <table name="committees_committeemeeting" numRows="14779" remarks="" schema="public" type="TABLE">
         <column autoUpdated="true" defaultValue="nextval('committees_committeemeeting_id_seq'::regclass)" digits="0" id="0" name="id" nullable="false" remarks="" size="10" type="serial" typeCode="4">
            <child column="committeemeeting_id" foreignKey="committeemeeting_id_refs_id_728905a0b280c21c" implied="false" onDeleteCascade="false" schema="public" table="bills_billevent_committee_meetings"/>
            <child column="committeemeeting_id" foreignKey="committeemeeting_id_refs_id_6b3229d378102018" implied="false" onDeleteCascade="false" schema="public" table="committees_committeemeeting_activities"/>
         </column>
         <column autoUpdated="false" defaultValue="null" digits="0" id="1" name="date" nullable="false" remarks="" size="13" type="date" typeCode="91"/>
         <column autoUpdated="false" defaultValue="null" digits="6" id="2" name="start_time" nullable="false" remarks="" size="15" type="time" typeCode="92"/>
         <column autoUpdated="false" defaultValue="null" digits="6" id="3" name="end_time" nullable="true" remarks="" size="15" type="time" typeCode="92"/>
         <column autoUpdated="false" defaultValue="null" digits="0" id="4" name="committee_id" nullable="false" remarks="" size="10" type="int4" typeCode="4">
            <parent column="id" foreignKey="committee_id_refs_id_5ea2b11ef8d19907" implied="false" onDeleteCascade="false" schema="public" table="committees_committee"/>
         </column>
         <column autoUpdated="false" defaultValue="null" digits="0" id="5" name="number" nullable="false" remarks="" size="5" type="int2" typeCode="5"/>
         <column autoUpdated="false" defaultValue="null" digits="0" id="6" name="session_id" nullable="false" remarks="" size="4" type="varchar" typeCode="12">
            <parent column="id" foreignKey="session_id_refs_id_699753c72f714bc9" implied="false" onDeleteCascade="false" schema="public" table="core_session"/>
         </column>
         <column autoUpdated="false" defaultValue="null" digits="0" id="7" name="minutes" nullable="true" remarks="" size="10" type="int4" typeCode="4"/>
         <column autoUpdated="false" defaultValue="null" digits="0" id="8" name="notice" nullable="true" remarks="" size="10" type="int4" typeCode="4"/>
         <column autoUpdated="false" defaultValue="null" digits="0" id="9" name="evidence_id" nullable="true" remarks="" size="10" type="int4" typeCode="4">
            <parent column="id" foreignKey="evidence_id_refs_id_644413ac1470a0c6" implied="false" onDeleteCascade="false" schema="public" table="hansards_document"/>
         </column>
         <column autoUpdated="false" defaultValue="false" digits="0" id="10" name="in_camera" nullable="false" remarks="" size="1" type="bool" typeCode="-7"/>
         <column autoUpdated="false" defaultValue="false" digits="0" id="11" name="travel" nullable="false" remarks="" size="1" type="bool" typeCode="-7"/>
         <column autoUpdated="false" defaultValue="false" digits="0" id="12" name="webcast" nullable="false" remarks="" size="1" type="bool" typeCode="-7"/>
         <column autoUpdated="false" defaultValue="false" digits="0" id="13" name="televised" nullable="false" remarks="" size="1" type="bool" typeCode="-7"/>
         <column autoUpdated="false" defaultValue="null" digits="0" id="14" name="source_id" nullable="true" remarks="" size="10" type="int4" typeCode="4"/>
         <primaryKey column="id" sequenceNumberInPK="1"/>
         <index name="committees_committeemeeting_pkey" unique="true">
            <column ascending="true" name="id"/>
         </index>
         <index name="committees_committeemeeting_committee_id" unique="false">
            <column ascending="true" name="committee_id"/>
         </index>
         <index name="committees_committeemeeting_date" unique="false">
            <column ascending="true" name="date"/>
         </index>
         <index name="committees_committeemeeting_evidence_id_key" unique="true">
            <column ascending="true" name="evidence_id"/>
         </index>
         <index name="committees_committeemeeting_session_id" unique="false">
            <column ascending="true" name="session_id"/>
         </index>
         <index name="committees_committeemeeting_session_id_792939e90cda4ac1_uniq" unique="true">
            <column ascending="true" name="session_id"/>
            <column ascending="true" name="number"/>
            <column ascending="true" name="committee_id"/>
         </index>
         <index name="committees_committeemeeting_session_id_like" unique="false">
            <column ascending="true" name="session_id"/>
         </index>
      </table>
      <table name="committees_committeemeeting_activities" numRows="21782" remarks="" schema="public" type="TABLE">
         <column autoUpdated="true" defaultValue="nextval('committees_committeemeeting_activities_id_seq'::regclass)" digits="0" id="0" name="id" nullable="false" remarks="" size="10" type="serial" typeCode="4"/>
         <column autoUpdated="false" defaultValue="null" digits="0" id="1" name="committeemeeting_id" nullable="false" remarks="" size="10" type="int4" typeCode="4">
            <parent column="id" foreignKey="committeemeeting_id_refs_id_6b3229d378102018" implied="false" onDeleteCascade="false" schema="public" table="committees_committeemeeting"/>
         </column>
         <column autoUpdated="false" defaultValue="null" digits="0" id="2" name="committeeactivity_id" nullable="false" remarks="" size="10" type="int4" typeCode="4">
            <parent column="id" foreignKey="committeeactivity_id_refs_id_21c3633048e142c3" implied="false" onDeleteCascade="false" schema="public" table="committees_committeeactivity"/>
         </column>
         <primaryKey column="id" sequenceNumberInPK="1"/>
         <index name="committees_committeemeeting_activities_pkey" unique="true">
            <column ascending="true" name="id"/>
         </index>
         <index name="committees_committeem_committeemeeting_id_36a83bbd36111342_uniq" unique="true">
            <column ascending="true" name="committeemeeting_id"/>
            <column ascending="true" name="committeeactivity_id"/>
         </index>
         <index name="committees_committeemeeting_activities_committeeactivity_id" unique="false">
            <column ascending="true" name="committeeactivity_id"/>
         </index>
         <index name="committees_committeemeeting_activities_committeemeeting_id" unique="false">
            <column ascending="true" name="committeemeeting_id"/>
         </index>
      </table>
      <table name="committees_committeereport" numRows="1826" remarks="" schema="public" type="TABLE">
         <column autoUpdated="true" defaultValue="nextval('committees_committeereport_id_seq'::regclass)" digits="0" id="0" name="id" nullable="false" remarks="" size="10" type="serial" typeCode="4">
            <child column="parent_id" foreignKey="parent_id_refs_id_2e952deed4931d93" implied="false" onDeleteCascade="false" schema="public" table="committees_committeereport"/>
         </column>
         <column autoUpdated="false" defaultValue="null" digits="0" id="1" name="committee_id" nullable="false" remarks="" size="10" type="int4" typeCode="4">
            <parent column="id" foreignKey="committee_id_refs_id_7ee00b7a3c19862d" implied="false" onDeleteCascade="false" schema="public" table="committees_committee"/>
         </column>
         <column autoUpdated="false" defaultValue="null" digits="0" id="2" name="session_id" nullable="false" remarks="" size="4" type="varchar" typeCode="12">
            <parent column="id" foreignKey="session_id_refs_id_65bb966c0b220503" implied="false" onDeleteCascade="false" schema="public" table="core_session"/>
         </column>
         <column autoUpdated="false" defaultValue="null" digits="0" id="3" name="number" nullable="true" remarks="" size="5" type="int2" typeCode="5"/>
         <column autoUpdated="false" defaultValue="null" digits="0" id="4" name="name_en" nullable="false" remarks="" size="500" type="varchar" typeCode="12"/>
         <column autoUpdated="false" defaultValue="null" digits="0" id="5" name="source_id" nullable="false" remarks="" size="10" type="int4" typeCode="4"/>
         <column autoUpdated="false" defaultValue="null" digits="0" id="6" name="adopted_date" nullable="true" remarks="" size="13" type="date" typeCode="91"/>
         <column autoUpdated="false" defaultValue="null" digits="0" id="7" name="presented_date" nullable="true" remarks="" size="13" type="date" typeCode="91"/>
         <column autoUpdated="false" defaultValue="false" digits="0" id="8" name="government_response" nullable="false" remarks="" size="1" type="bool" typeCode="-7"/>
         <column autoUpdated="false" defaultValue="null" digits="0" id="9" name="parent_id" nullable="true" remarks="" size="10" type="int4" typeCode="4">
            <parent column="id" foreignKey="parent_id_refs_id_2e952deed4931d93" implied="false" onDeleteCascade="false" schema="public" table="committees_committeereport"/>
         </column>
         <column autoUpdated="false" defaultValue="null" digits="0" id="10" name="name_fr" nullable="false" remarks="" size="500" type="varchar" typeCode="12"/>
         <primaryKey column="id" sequenceNumberInPK="1"/>
         <index name="committees_committeereport_pkey" unique="true">
            <column ascending="true" name="id"/>
         </index>
         <index name="committees_committeereport_committee_id" unique="false">
            <column ascending="true" name="committee_id"/>
         </index>
         <index name="committees_committeereport_parent_id" unique="false">
            <column ascending="true" name="parent_id"/>
         </index>
         <index name="committees_committeereport_session_id" unique="false">
            <column ascending="true" name="session_id"/>
         </index>
         <index name="committees_committeereport_session_id_like" unique="false">
            <column ascending="true" name="session_id"/>
         </index>
         <index name="committees_committeereport_source_id_key" unique="true">
            <column ascending="true" name="source_id"/>
         </index>
      </table>
      <table name="core_electedmember" numRows="1600" remarks="" schema="public" type="TABLE">
         <column autoUpdated="true" defaultValue="nextval('core_electedmember_id_seq'::regclass)" digits="0" id="0" name="id" nullable="false" remarks="" size="10" type="serial" typeCode="4">
            <child column="sponsor_member_id" foreignKey="sponsor_member_id_refs_id_6f3f762b" implied="false" onDeleteCascade="false" schema="public" table="bills_bill"/>
            <child column="sponsor_member_id" foreignKey="sponsor_member_id_refs_id_35000055468a8331" implied="false" onDeleteCascade="false" schema="public" table="bills_billinsession"/>
            <child column="member_id" foreignKey="member_id_refs_id_6dc7c26e" implied="false" onDeleteCascade="false" schema="public" table="bills_membervote"/>
            <child column="electedmember_id" foreignKey="electedmember_id_refs_id_7955a32a" implied="false" onDeleteCascade="false" schema="public" table="core_electedmember_sessions"/>
            <child column="member_id" foreignKey="hansards_statement_member_id_fkey" implied="false" onDeleteCascade="false" schema="public" table="hansards_statement"/>
         </column>
         <column autoUpdated="false" defaultValue="null" digits="0" id="1" name="politician_id" nullable="false" remarks="" size="10" type="int4" typeCode="4">
            <parent column="id" foreignKey="core_electedmember_member_id_fkey" implied="false" onDeleteCascade="false" schema="public" table="core_politician"/>
         </column>
         <column autoUpdated="false" defaultValue="null" digits="0" id="2" name="riding_id" nullable="false" remarks="" size="10" type="int4" typeCode="4">
            <parent column="id" foreignKey="core_electedmember_riding_id_fkey" implied="false" onDeleteCascade="false" schema="public" table="core_riding"/>
         </column>
         <column autoUpdated="false" defaultValue="null" digits="0" id="3" name="party_id" nullable="false" remarks="" size="10" type="int4" typeCode="4">
            <parent column="id" foreignKey="core_electedmember_party_id_fkey" implied="false" onDeleteCascade="false" schema="public" table="core_party"/>
         </column>
         <column autoUpdated="false" defaultValue="null" digits="0" id="4" name="end_date" nullable="true" remarks="" size="13" type="date" typeCode="91"/>
         <column autoUpdated="false" defaultValue="null" digits="0" id="5" name="start_date" nullable="false" remarks="" size="13" type="date" typeCode="91"/>
         <primaryKey column="id" sequenceNumberInPK="1"/>
         <index name="core_electedmember_pkey" unique="true">
            <column ascending="true" name="id"/>
         </index>
         <index name="core_electedmember_end_date" unique="false">
            <column ascending="true" name="end_date"/>
         </index>
         <index name="core_electedmember_member_id" unique="false">
            <column ascending="true" name="politician_id"/>
         </index>
         <index name="core_electedmember_party_id" unique="false">
            <column ascending="true" name="party_id"/>
         </index>
         <index name="core_electedmember_riding_id" unique="false">
            <column ascending="true" name="riding_id"/>
         </index>
         <index name="core_electedmember_start_date" unique="false">
            <column ascending="true" name="start_date"/>
         </index>
      </table>
      <table name="core_electedmember_sessions" numRows="5738" remarks="" schema="public" type="TABLE">
         <column autoUpdated="true" defaultValue="nextval('core_electedmember_sessions_id_seq'::regclass)" digits="0" id="0" name="id" nullable="false" remarks="" size="10" type="serial" typeCode="4"/>
         <column autoUpdated="false" defaultValue="null" digits="0" id="1" name="electedmember_id" nullable="false" remarks="" size="10" type="int4" typeCode="4">
            <parent column="id" foreignKey="electedmember_id_refs_id_7955a32a" implied="false" onDeleteCascade="false" schema="public" table="core_electedmember"/>
         </column>
         <column autoUpdated="false" defaultValue="null" digits="0" id="2" name="session_id" nullable="false" remarks="" size="4" type="varchar" typeCode="12">
            <parent column="id" foreignKey="session_id_refs_id_281708d0" implied="false" onDeleteCascade="false" schema="public" table="core_session"/>
         </column>
         <primaryKey column="id" sequenceNumberInPK="1"/>
         <index name="core_electedmember_sessions_pkey" unique="true">
            <column ascending="true" name="id"/>
         </index>
         <index name="core_electedmember_sessions_electedmember_id" unique="false">
            <column ascending="true" name="electedmember_id"/>
         </index>
         <index name="core_electedmember_sessions_electedmember_id_6d9c051f_uniq" unique="true">
            <column ascending="true" name="electedmember_id"/>
            <column ascending="true" name="session_id"/>
         </index>
         <index name="core_electedmember_sessions_session_id" unique="false">
            <column ascending="true" name="session_id"/>
         </index>
      </table>
      <table name="core_internalxref" numRows="12941" remarks="" schema="public" type="TABLE">
         <column autoUpdated="true" defaultValue="nextval('core_internalxref_id_seq'::regclass)" digits="0" id="0" name="id" nullable="false" remarks="" size="10" type="serial" typeCode="4"/>
         <column autoUpdated="false" defaultValue="null" digits="0" id="1" name="text_value" nullable="false" remarks="" size="250" type="varchar" typeCode="12"/>
         <column autoUpdated="false" defaultValue="null" digits="0" id="2" name="int_value" nullable="true" remarks="" size="10" type="int4" typeCode="4"/>
         <column autoUpdated="false" defaultValue="null" digits="0" id="3" name="target_id" nullable="false" remarks="" size="10" type="int4" typeCode="4"/>
         <column autoUpdated="false" defaultValue="null" digits="0" id="4" name="schema" nullable="false" remarks="" size="15" type="varchar" typeCode="12"/>
         <primaryKey column="id" sequenceNumberInPK="1"/>
         <index name="core_internalxref_pkey" unique="true">
            <column ascending="true" name="id"/>
         </index>
         <index name="core_internalxref_int_value" unique="false">
            <column ascending="true" name="int_value"/>
         </index>
         <index name="core_internalxref_schema" unique="false">
            <column ascending="true" name="schema"/>
         </index>
         <index name="core_internalxref_target_id" unique="false">
            <column ascending="true" name="target_id"/>
         </index>
         <index name="core_internalxref_text_value" unique="false">
            <column ascending="true" name="text_value"/>
         </index>
      </table>
      <table name="core_party" numRows="50" remarks="" schema="public" type="TABLE">
         <column autoUpdated="true" defaultValue="nextval('core_party_id_seq'::regclass)" digits="0" id="0" name="id" nullable="false" remarks="" size="10" type="serial" typeCode="4">
            <child column="party_id" foreignKey="party_id_refs_id_9851b846370180b" implied="false" onDeleteCascade="false" schema="public" table="bills_partyvote"/>
            <child column="party_id" foreignKey="core_electedmember_party_id_fkey" implied="false" onDeleteCascade="false" schema="public" table="core_electedmember"/>
            <child column="party_id" foreignKey="elections_candidacy_party_id_fkey" implied="false" onDeleteCascade="false" schema="public" table="elections_candidacy"/>
         </column>
         <column autoUpdated="false" defaultValue="null" digits="0" id="1" name="name_en" nullable="false" remarks="" size="100" type="varchar" typeCode="12"/>
         <column autoUpdated="false" defaultValue="null" digits="0" id="2" name="slug" nullable="false" remarks="" size="10" type="varchar" typeCode="12"/>
         <column autoUpdated="false" defaultValue="null" digits="0" id="3" name="short_name_en" nullable="false" remarks="" size="100" type="varchar" typeCode="12"/>
         <column autoUpdated="false" defaultValue="null" digits="0" id="4" name="name_fr" nullable="false" remarks="" size="100" type="varchar" typeCode="12"/>
         <column autoUpdated="false" defaultValue="null" digits="0" id="5" name="short_name_fr" nullable="false" remarks="" size="100" type="varchar" typeCode="12"/>
         <primaryKey column="id" sequenceNumberInPK="1"/>
         <index name="core_party_pkey" unique="true">
            <column ascending="true" name="id"/>
         </index>
      </table>
      <table name="core_politician" numRows="11510" remarks="" schema="public" type="TABLE">
         <column autoUpdated="true" defaultValue="nextval('core_politician_id_seq'::regclass)" digits="0" id="0" name="id" nullable="false" remarks="" size="10" type="serial" typeCode="4">
            <child column="sponsor_politician_id" foreignKey="sponsor_politician_id_refs_id_188d955c" implied="false" onDeleteCascade="false" schema="public" table="bills_bill"/>
            <child column="sponsor_politician_id" foreignKey="sponsor_politician_id_refs_id_47c3712866e2f0e2" implied="false" onDeleteCascade="false" schema="public" table="bills_billinsession"/>
            <child column="politician_id" foreignKey="politician_id_refs_id_192c901f" implied="false" onDeleteCascade="false" schema="public" table="bills_membervote"/>
            <child column="politician_id" foreignKey="core_electedmember_member_id_fkey" implied="false" onDeleteCascade="false" schema="public" table="core_electedmember"/>
            <child column="politician_id" foreignKey="politician_id_refs_id_4ca1d927" implied="false" onDeleteCascade="false" schema="public" table="core_politicianinfo"/>
            <child column="candidate_id" foreignKey="elections_candidacy_candidate_id_fkey" implied="false" onDeleteCascade="false" schema="public" table="elections_candidacy"/>
            <child column="politician_id" foreignKey="politician_id_refs_id_2fc8b936" implied="false" onDeleteCascade="false" schema="public" table="hansards_statement"/>
            <child column="politician_id" foreignKey="politician_id_refs_id_46e2b66a4c4fa6f0" implied="false" onDeleteCascade="false" schema="public" table="hansards_statement_mentioned_politicians"/>
         </column>
         <column autoUpdated="false" defaultValue="null" digits="0" id="1" name="name" nullable="false" remarks="" size="100" type="varchar" typeCode="12"/>
         <column autoUpdated="false" defaultValue="null" digits="0" id="2" name="name_given" nullable="false" remarks="" size="50" type="varchar" typeCode="12"/>
         <column autoUpdated="false" defaultValue="null" digits="0" id="3" name="name_family" nullable="false" remarks="" size="50" type="varchar" typeCode="12"/>
         <column autoUpdated="false" defaultValue="null" digits="0" id="4" name="dob" nullable="true" remarks="" size="13" type="date" typeCode="91"/>
         <column autoUpdated="false" defaultValue="null" digits="0" id="5" name="gender" nullable="false" remarks="" size="1" type="varchar" typeCode="12"/>
         <column autoUpdated="false" defaultValue="null" digits="0" id="6" name="headshot" nullable="true" remarks="" size="100" type="varchar" typeCode="12"/>
         <column autoUpdated="false" defaultValue="null" digits="0" id="7" name="slug" nullable="false" remarks="" size="30" type="varchar" typeCode="12"/>
         <primaryKey column="id" sequenceNumberInPK="1"/>
         <index name="core_politician_pkey" unique="true">
            <column ascending="true" name="id"/>
         </index>
         <index name="core_politician_slug" unique="false">
            <column ascending="true" name="slug"/>
         </index>
         <index name="core_politician_slug_like" unique="false">
            <column ascending="true" name="slug"/>
         </index>
      </table>
      <table name="core_politicianinfo" numRows="30014" remarks="" schema="public" type="TABLE">
         <column autoUpdated="false" defaultValue="null" digits="0" id="0" name="politician_id" nullable="false" remarks="" size="10" type="int4" typeCode="4">
            <parent column="id" foreignKey="politician_id_refs_id_4ca1d927" implied="false" onDeleteCascade="false" schema="public" table="core_politician"/>
         </column>
         <column autoUpdated="true" defaultValue="nextval('core_politicianinfo_id_seq'::regclass)" digits="0" id="1" name="id" nullable="false" remarks="" size="10" type="serial" typeCode="4"/>
         <column autoUpdated="false" defaultValue="null" digits="0" id="2" name="value" nullable="false" remarks="" size="2147483647" type="text" typeCode="12"/>
         <column autoUpdated="false" defaultValue="null" digits="0" id="3" name="schema" nullable="false" remarks="" size="40" type="varchar" typeCode="12"/>
         <primaryKey column="id" sequenceNumberInPK="1"/>
         <index name="core_politicianinfo_pkey" unique="true">
            <column ascending="true" name="id"/>
         </index>
         <index name="core_politicianinfo_politician_id" unique="false">
            <column ascending="true" name="politician_id"/>
         </index>
         <index name="core_politicianinfo_schema" unique="false">
            <column ascending="true" name="schema"/>
         </index>
         <index name="core_politicianinfo_schema_like" unique="false">
            <column ascending="true" name="schema"/>
         </index>
      </table>
      <table name="core_riding" numRows="701" remarks="" schema="public" type="TABLE">
         <column autoUpdated="true" defaultValue="nextval('core_riding_id_seq'::regclass)" digits="0" id="0" name="id" nullable="false" remarks="" size="10" type="serial" typeCode="4">
            <child column="riding_id" foreignKey="core_electedmember_riding_id_fkey" implied="false" onDeleteCascade="false" schema="public" table="core_electedmember"/>
            <child column="riding_id" foreignKey="elections_candidacy_riding_id_fkey" implied="false" onDeleteCascade="false" schema="public" table="elections_candidacy"/>
         </column>
         <column autoUpdated="false" defaultValue="null" digits="0" id="1" name="name_en" nullable="false" remarks="" size="200" type="varchar" typeCode="12"/>
         <column autoUpdated="false" defaultValue="null" digits="0" id="2" name="province" nullable="false" remarks="" size="2" type="varchar" typeCode="12"/>
         <column autoUpdated="false" defaultValue="null" digits="0" id="3" name="slug" nullable="false" remarks="" size="60" type="varchar" typeCode="12"/>
         <column autoUpdated="false" defaultValue="null" digits="0" id="4" name="edid" nullable="true" remarks="" size="10" type="int4" typeCode="4"/>
         <column autoUpdated="false" defaultValue="null" digits="0" id="5" name="name_fr" nullable="false" remarks="" size="200" type="varchar" typeCode="12"/>
         <column autoUpdated="false" defaultValue="null" digits="0" id="6" name="current" nullable="false" remarks="" size="1" type="bool" typeCode="-7"/>
         <primaryKey column="id" sequenceNumberInPK="1"/>
         <index name="core_riding_pkey" unique="true">
            <column ascending="true" name="id"/>
         </index>
         <index name="core_riding_edid" unique="false">
            <column ascending="true" name="edid"/>
         </index>
         <index name="core_riding_slug" unique="false">
            <column ascending="true" name="slug"/>
         </index>
         <index name="core_riding_slug_key" unique="true">
            <column ascending="true" name="slug"/>
         </index>
      </table>
      <table name="core_session" numRows="18" remarks="" schema="public" type="TABLE">
         <column autoUpdated="false" defaultValue="null" digits="0" id="0" name="id" nullable="false" remarks="" size="4" type="varchar" typeCode="12">
            <child column="session_id" foreignKey="session_id_refs_id_4b91b466" implied="false" onDeleteCascade="false" schema="public" table="bills_billinsession"/>
            <child column="session_id" foreignKey="session_id_refs_id_466b6e40" implied="false" onDeleteCascade="false" schema="public" table="bills_votequestion"/>
            <child column="session_id" foreignKey="session_id_refs_id_51b2741ca7fe3c4" implied="false" onDeleteCascade="false" schema="public" table="committees_committeeactivityinsession"/>
            <child column="session_id" foreignKey="session_id_refs_id_317cb71f31729d81" implied="false" onDeleteCascade="false" schema="public" table="committees_committeeinsession"/>
            <child column="session_id" foreignKey="session_id_refs_id_699753c72f714bc9" implied="false" onDeleteCascade="false" schema="public" table="committees_committeemeeting"/>
            <child column="session_id" foreignKey="session_id_refs_id_65bb966c0b220503" implied="false" onDeleteCascade="false" schema="public" table="committees_committeereport"/>
            <child column="session_id" foreignKey="session_id_refs_id_281708d0" implied="false" onDeleteCascade="false" schema="public" table="core_electedmember_sessions"/>
            <child column="session_id" foreignKey="hansards_hansard_session_id_fkey" implied="false" onDeleteCascade="false" schema="public" table="hansards_document"/>
         </column>
         <column autoUpdated="false" defaultValue="null" digits="0" id="1" name="name" nullable="false" remarks="" size="100" type="varchar" typeCode="12"/>
         <column autoUpdated="false" defaultValue="null" digits="0" id="2" name="start" nullable="false" remarks="" size="13" type="date" typeCode="91"/>
         <column autoUpdated="false" defaultValue="null" digits="0" id="3" name="end" nullable="true" remarks="" size="13" type="date" typeCode="91"/>
         <column autoUpdated="false" defaultValue="null" digits="0" id="4" name="parliamentnum" nullable="true" remarks="" size="10" type="int4" typeCode="4"/>
         <column autoUpdated="false" defaultValue="null" digits="0" id="5" name="sessnum" nullable="true" remarks="" size="10" type="int4" typeCode="4"/>
         <primaryKey column="id" sequenceNumberInPK="1"/>
         <index name="core_session_pkey" unique="true">
            <column ascending="true" name="id"/>
         </index>
      </table>
      <table name="core_sitenews" numRows="0" remarks="" schema="public" type="TABLE">
         <column autoUpdated="false" defaultValue="'2010-04-10 05:50:11.481426-04'::timestamp with time zone" digits="6" id="0" name="date" nullable="false" remarks="" size="35" type="timestamptz" typeCode="93"/>
         <column autoUpdated="false" defaultValue="null" digits="0" id="1" name="text" nullable="false" remarks="" size="2147483647" type="text" typeCode="12"/>
         <column autoUpdated="false" defaultValue="true" digits="0" id="2" name="active" nullable="false" remarks="" size="1" type="bool" typeCode="-7"/>
         <column autoUpdated="true" defaultValue="nextval('core_sitenews_id_seq'::regclass)" digits="0" id="3" name="id" nullable="false" remarks="" size="10" type="serial" typeCode="4"/>
         <column autoUpdated="false" defaultValue="null" digits="0" id="4" name="title" nullable="false" remarks="" size="200" type="varchar" typeCode="12"/>
         <primaryKey column="id" sequenceNumberInPK="1"/>
         <index name="core_sitenews_pkey" unique="true">
            <column ascending="true" name="id"/>
         </index>
      </table>
      <table name="elections_candidacy" numRows="16580" remarks="" schema="public" type="TABLE">
         <column autoUpdated="true" defaultValue="nextval('elections_candidacy_id_seq'::regclass)" digits="0" id="0" name="id" nullable="false" remarks="" size="10" type="serial" typeCode="4">
            <child column="individual_recipient_id" foreignKey="financials_contribution_individual_recipient_id_fkey" implied="false" onDeleteCascade="false" schema="public" table="financials_contribution"/>
         </column>
         <column autoUpdated="false" defaultValue="null" digits="0" id="1" name="candidate_id" nullable="false" remarks="" size="10" type="int4" typeCode="4">
            <parent column="id" foreignKey="elections_candidacy_candidate_id_fkey" implied="false" onDeleteCascade="false" schema="public" table="core_politician"/>
         </column>
         <column autoUpdated="false" defaultValue="null" digits="0" id="2" name="riding_id" nullable="false" remarks="" size="10" type="int4" typeCode="4">
            <parent column="id" foreignKey="elections_candidacy_riding_id_fkey" implied="false" onDeleteCascade="false" schema="public" table="core_riding"/>
         </column>
         <column autoUpdated="false" defaultValue="null" digits="0" id="3" name="party_id" nullable="false" remarks="" size="10" type="int4" typeCode="4">
            <parent column="id" foreignKey="elections_candidacy_party_id_fkey" implied="false" onDeleteCascade="false" schema="public" table="core_party"/>
         </column>
         <column autoUpdated="false" defaultValue="null" digits="0" id="4" name="election_id" nullable="false" remarks="" size="10" type="int4" typeCode="4">
            <parent column="id" foreignKey="elections_candidacy_election_id_fkey" implied="false" onDeleteCascade="false" schema="public" table="elections_election"/>
         </column>
         <column autoUpdated="false" defaultValue="null" digits="0" id="5" name="occupation" nullable="false" remarks="" size="100" type="varchar" typeCode="12"/>
         <column autoUpdated="false" defaultValue="null" digits="0" id="6" name="votetotal" nullable="true" remarks="" size="10" type="int4" typeCode="4"/>
         <column autoUpdated="false" defaultValue="null" digits="0" id="7" name="elected" nullable="true" remarks="" size="1" type="bool" typeCode="-7"/>
         <column autoUpdated="false" defaultValue="null" digits="2" id="8" name="votepercent" nullable="true" remarks="" size="5" type="numeric" typeCode="2"/>
         <primaryKey column="id" sequenceNumberInPK="1"/>
         <index name="elections_candidacy_pkey" unique="true">
            <column ascending="true" name="id"/>
         </index>
         <index name="elections_candidacy_candidate_id" unique="false">
            <column ascending="true" name="candidate_id"/>
         </index>
         <index name="elections_candidacy_election_id" unique="false">
            <column ascending="true" name="election_id"/>
         </index>
         <index name="elections_candidacy_party_id" unique="false">
            <column ascending="true" name="party_id"/>
         </index>
         <index name="elections_candidacy_riding_id" unique="false">
            <column ascending="true" name="riding_id"/>
         </index>
      </table>
      <table name="elections_election" numRows="41" remarks="" schema="public" type="TABLE">
         <column autoUpdated="true" defaultValue="nextval('elections_election_id_seq'::regclass)" digits="0" id="0" name="id" nullable="false" remarks="" size="10" type="serial" typeCode="4">
            <child column="election_id" foreignKey="elections_candidacy_election_id_fkey" implied="false" onDeleteCascade="false" schema="public" table="elections_candidacy"/>
         </column>
         <column autoUpdated="false" defaultValue="null" digits="0" id="1" name="date" nullable="false" remarks="" size="13" type="date" typeCode="91"/>
         <column autoUpdated="false" defaultValue="null" digits="0" id="2" name="byelection" nullable="false" remarks="" size="1" type="bool" typeCode="-7"/>
         <primaryKey column="id" sequenceNumberInPK="1"/>
         <index name="elections_election_pkey" unique="true">
            <column ascending="true" name="id"/>
         </index>
      </table>
      <table name="financials_contribution" numRows="0" remarks="" schema="public" type="TABLE">
         <column autoUpdated="true" defaultValue="nextval('financials_contribution_id_seq'::regclass)" digits="0" id="0" name="id" nullable="false" remarks="" size="10" type="serial" typeCode="4"/>
         <column autoUpdated="false" defaultValue="null" digits="0" id="1" name="contributor_id" nullable="false" remarks="" size="10" type="int4" typeCode="4">
            <parent column="id" foreignKey="financials_contribution_contributor_id_fkey" implied="false" onDeleteCascade="false" schema="public" table="financials_contributor"/>
         </column>
         <column autoUpdated="false" defaultValue="null" digits="2" id="2" name="amount" nullable="false" remarks="" size="7" type="numeric" typeCode="2"/>
         <column autoUpdated="false" defaultValue="null" digits="2" id="3" name="amount_monetary" nullable="true" remarks="" size="7" type="numeric" typeCode="2"/>
         <column autoUpdated="false" defaultValue="null" digits="2" id="4" name="amount_nonmonetary" nullable="true" remarks="" size="7" type="numeric" typeCode="2"/>
         <column autoUpdated="false" defaultValue="null" digits="0" id="5" name="date" nullable="true" remarks="" size="13" type="date" typeCode="91"/>
         <column autoUpdated="false" defaultValue="null" digits="0" id="6" name="individual_recipient_id" nullable="false" remarks="" size="10" type="int4" typeCode="4">
            <parent column="id" foreignKey="financials_contribution_individual_recipient_id_fkey" implied="false" onDeleteCascade="false" schema="public" table="elections_candidacy"/>
         </column>
         <primaryKey column="id" sequenceNumberInPK="1"/>
         <index name="financials_contribution_pkey" unique="true">
            <column ascending="true" name="id"/>
         </index>
         <index name="financials_contribution_contributor_id" unique="false">
            <column ascending="true" name="contributor_id"/>
         </index>
         <index name="financials_contribution_individual_recipient_id" unique="false">
            <column ascending="true" name="individual_recipient_id"/>
         </index>
      </table>
      <table name="financials_contributor" numRows="0" remarks="" schema="public" type="TABLE">
         <column autoUpdated="true" defaultValue="nextval('financials_contributor_id_seq'::regclass)" digits="0" id="0" name="id" nullable="false" remarks="" size="10" type="serial" typeCode="4">
            <child column="contributor_id" foreignKey="financials_contribution_contributor_id_fkey" implied="false" onDeleteCascade="false" schema="public" table="financials_contribution"/>
         </column>
         <column autoUpdated="false" defaultValue="null" digits="0" id="1" name="name" nullable="false" remarks="" size="100" type="varchar" typeCode="12"/>
         <column autoUpdated="false" defaultValue="null" digits="0" id="2" name="name_given" nullable="false" remarks="" size="50" type="varchar" typeCode="12"/>
         <column autoUpdated="false" defaultValue="null" digits="0" id="3" name="name_family" nullable="false" remarks="" size="50" type="varchar" typeCode="12"/>
         <column autoUpdated="false" defaultValue="null" digits="0" id="4" name="city" nullable="false" remarks="" size="50" type="varchar" typeCode="12"/>
         <column autoUpdated="false" defaultValue="null" digits="0" id="5" name="province" nullable="false" remarks="" size="2" type="varchar" typeCode="12"/>
         <column autoUpdated="false" defaultValue="null" digits="0" id="6" name="postcode" nullable="false" remarks="" size="7" type="varchar" typeCode="12"/>
         <primaryKey column="id" sequenceNumberInPK="1"/>
         <index name="financials_contributor_pkey" unique="true">
            <column ascending="true" name="id"/>
         </index>
      </table>
      <table name="hansards_document" numRows="13905" remarks="" schema="public" type="TABLE">
         <column autoUpdated="true" defaultValue="nextval('hansards_document_id_seq'::regclass)" digits="0" id="0" name="id" nullable="false" remarks="" size="10" type="serial" typeCode="4">
            <child column="debate_id" foreignKey="debate_id_refs_id_7e753bd0705fbae9" implied="false" onDeleteCascade="false" schema="public" table="bills_billevent"/>
            <child column="evidence_id" foreignKey="evidence_id_refs_id_644413ac1470a0c6" implied="false" onDeleteCascade="false" schema="public" table="committees_committeemeeting"/>
            <child column="document_id" foreignKey="document_id_refs_id_5dbfdf3d10c5efd2" implied="false" onDeleteCascade="false" schema="public" table="hansards_oldsequencemapping"/>
            <child column="document_id" foreignKey="hansards_statement_hansard_id_fkey" implied="false" onDeleteCascade="false" schema="public" table="hansards_statement"/>
         </column>
         <column autoUpdated="false" defaultValue="null" digits="0" id="1" name="date" nullable="true" remarks="" size="13" type="date" typeCode="91"/>
         <column autoUpdated="false" defaultValue="null" digits="0" id="2" name="number" nullable="false" remarks="" size="6" type="varchar" typeCode="12"/>
         <column autoUpdated="false" defaultValue="null" digits="0" id="3" name="session_id" nullable="false" remarks="" size="4" type="varchar" typeCode="12">
            <parent column="id" foreignKey="hansards_hansard_session_id_fkey" implied="false" onDeleteCascade="false" schema="public" table="core_session"/>
         </column>
         <column autoUpdated="false" defaultValue="null" digits="0" id="4" name="most_frequent_word" nullable="false" remarks="" size="20" type="varchar" typeCode="12"/>
         <column autoUpdated="false" defaultValue="null" digits="0" id="5" name="wordcloud" nullable="true" remarks="" size="100" type="varchar" typeCode="12"/>
         <column autoUpdated="false" defaultValue="null" digits="0" id="6" name="document_type" nullable="false" remarks="" size="1" type="varchar" typeCode="12"/>
         <column autoUpdated="false" defaultValue="null" digits="0" id="7" name="source_id" nullable="false" remarks="" size="10" type="int4" typeCode="4"/>
         <column autoUpdated="false" defaultValue="null" digits="0" id="8" name="downloaded" nullable="false" remarks="" size="1" type="bool" typeCode="-7"/>
         <column autoUpdated="false" defaultValue="null" digits="0" id="9" name="public" nullable="false" remarks="" size="1" type="bool" typeCode="-7"/>
         <column autoUpdated="false" defaultValue="null" digits="0" id="10" name="multilingual" nullable="false" remarks="" size="1" type="bool" typeCode="-7"/>
         <column autoUpdated="false" defaultValue="null" digits="0" id="11" name="skip_parsing" nullable="false" remarks="" size="1" type="bool" typeCode="-7"/>
         <primaryKey column="id" sequenceNumberInPK="1"/>
         <index name="hansards_document_pkey" unique="true">
            <column ascending="true" name="id"/>
         </index>
         <index name="hansards_document_document_type" unique="false">
            <column ascending="true" name="document_type"/>
         </index>
         <index name="hansards_document_document_type_like" unique="false">
            <column ascending="true" name="document_type"/>
         </index>
         <index name="hansards_document_source_id" unique="false">
            <column ascending="true" name="source_id"/>
         </index>
         <index name="hansards_document_source_id_uniq" unique="true">
            <column ascending="true" name="source_id"/>
         </index>
         <index name="hansards_hansard_session_id" unique="false">
            <column ascending="true" name="session_id"/>
         </index>
      </table>
      <table name="hansards_oldsequencemapping" numRows="560316" remarks="" schema="public" type="TABLE">
         <column autoUpdated="true" defaultValue="nextval('hansards_oldsequencemapping_id_seq'::regclass)" digits="0" id="0" name="id" nullable="false" remarks="" size="10" type="serial" typeCode="4"/>
         <column autoUpdated="false" defaultValue="null" digits="0" id="1" name="document_id" nullable="false" remarks="" size="10" type="int4" typeCode="4">
            <parent column="id" foreignKey="document_id_refs_id_5dbfdf3d10c5efd2" implied="false" onDeleteCascade="false" schema="public" table="hansards_document"/>
         </column>
         <column autoUpdated="false" defaultValue="null" digits="0" id="2" name="sequence" nullable="false" remarks="" size="10" type="int4" typeCode="4"/>
         <column autoUpdated="false" defaultValue="null" digits="0" id="3" name="slug" nullable="false" remarks="" size="100" type="varchar" typeCode="12"/>
         <primaryKey column="id" sequenceNumberInPK="1"/>
         <index name="hansards_oldsequencemapping_pkey" unique="true">
            <column ascending="true" name="id"/>
         </index>
         <index name="hansards_oldsequencemapping_document_id" unique="false">
            <column ascending="true" name="document_id"/>
         </index>
         <index name="hansards_oldsequencemapping_document_id_5714c13ec7f9a6b3_uniq" unique="true">
            <column ascending="true" name="document_id"/>
            <column ascending="true" name="sequence"/>
         </index>
         <index name="hansards_oldsequencemapping_slug" unique="false">
            <column ascending="true" name="slug"/>
         </index>
         <index name="hansards_oldsequencemapping_slug_like" unique="false">
            <column ascending="true" name="slug"/>
         </index>
         <checkConstraint constraint="((sequence &gt;= 0))" name="hansards_oldsequencemapping_sequence_check"/>
      </table>
      <table name="hansards_statement" numRows="2684155" remarks="" schema="public" type="TABLE">
         <column autoUpdated="true" defaultValue="nextval('hansards_statement_id_seq'::regclass)" digits="0" id="0" name="id" nullable="false" remarks="" size="10" type="serial" typeCode="4">
            <child column="context_statement_id" foreignKey="context_statement_id_refs_id_2c302e8372d5470a" implied="false" onDeleteCascade="false" schema="public" table="bills_votequestion"/>
            <child column="statement_id" foreignKey="statement_id_refs_id_77080a36" implied="false" onDeleteCascade="false" schema="public" table="hansards_statement_bills"/>
            <child column="statement_id" foreignKey="statement_id_refs_id_206630e19480521b" implied="false" onDeleteCascade="false" schema="public" table="hansards_statement_mentioned_politicians"/>
         </column>
         <column autoUpdated="false" defaultValue="null" digits="0" id="1" name="document_id" nullable="false" remarks="" size="10" type="int4" typeCode="4">
            <parent column="id" foreignKey="hansards_statement_hansard_id_fkey" implied="false" onDeleteCascade="false" schema="public" table="hansards_document"/>
         </column>
         <column autoUpdated="false" defaultValue="null" digits="6" id="2" name="time" nullable="false" remarks="" size="35" type="timestamptz" typeCode="93"/>
         <column autoUpdated="false" defaultValue="''::character varying" digits="0" id="3" name="h1_en" nullable="false" remarks="" size="300" type="varchar" typeCode="12"/>
         <column autoUpdated="false" defaultValue="''::character varying" digits="0" id="4" name="h2_en" nullable="false" remarks="" size="300" type="varchar" typeCode="12"/>
         <column autoUpdated="false" defaultValue="null" digits="0" id="5" name="member_id" nullable="true" remarks="" size="10" type="int4" typeCode="4">
            <parent column="id" foreignKey="hansards_statement_member_id_fkey" implied="false" onDeleteCascade="false" schema="public" table="core_electedmember"/>
         </column>
         <column autoUpdated="false" defaultValue="null" digits="0" id="6" name="who_en" nullable="false" remarks="" size="300" type="varchar" typeCode="12"/>
         <column autoUpdated="false" defaultValue="null" digits="0" id="7" name="content_en" nullable="false" remarks="" size="2147483647" type="text" typeCode="12"/>
         <column autoUpdated="false" defaultValue="null" digits="0" id="8" name="sequence" nullable="false" remarks="" size="10" type="int4" typeCode="4"/>
         <column autoUpdated="false" defaultValue="null" digits="0" id="9" name="wordcount" nullable="false" remarks="" size="10" type="int4" typeCode="4"/>
         <column autoUpdated="false" defaultValue="null" digits="0" id="10" name="politician_id" nullable="true" remarks="" size="10" type="int4" typeCode="4">
            <parent column="id" foreignKey="politician_id_refs_id_2fc8b936" implied="false" onDeleteCascade="false" schema="public" table="core_politician"/>
         </column>
         <column autoUpdated="false" defaultValue="null" digits="0" id="11" name="procedural" nullable="false" remarks="" size="1" type="bool" typeCode="-7"/>
         <column autoUpdated="false" defaultValue="null" digits="0" id="12" name="h3_en" nullable="false" remarks="" size="300" type="varchar" typeCode="12"/>
         <column autoUpdated="false" defaultValue="null" digits="0" id="13" name="who_hocid" nullable="true" remarks="" size="10" type="int4" typeCode="4"/>
         <column autoUpdated="false" defaultValue="null" digits="0" id="14" name="content_fr" nullable="false" remarks="" size="2147483647" type="text" typeCode="12"/>
         <column autoUpdated="false" defaultValue="null" digits="0" id="15" name="statement_type" nullable="false" remarks="" size="35" type="varchar" typeCode="12"/>
         <column autoUpdated="false" defaultValue="null" digits="0" id="16" name="written_question" nullable="false" remarks="" size="1" type="varchar" typeCode="12"/>
         <column autoUpdated="false" defaultValue="null" digits="0" id="17" name="source_id" nullable="false" remarks="" size="15" type="varchar" typeCode="12"/>
         <column autoUpdated="false" defaultValue="null" digits="0" id="18" name="who_context_en" nullable="false" remarks="" size="300" type="varchar" typeCode="12"/>
         <column autoUpdated="false" defaultValue="null" digits="0" id="19" name="slug" nullable="false" remarks="" size="100" type="varchar" typeCode="12"/>
         <column autoUpdated="false" defaultValue="null" digits="0" id="20" name="urlcache" nullable="false" remarks="" size="200" type="varchar" typeCode="12"/>
         <column autoUpdated="false" defaultValue="null" digits="0" id="21" name="h1_fr" nullable="false" remarks="" size="400" type="varchar" typeCode="12"/>
         <column autoUpdated="false" defaultValue="null" digits="0" id="22" name="h2_fr" nullable="false" remarks="" size="400" type="varchar" typeCode="12"/>
         <column autoUpdated="false" defaultValue="null" digits="0" id="23" name="h3_fr" nullable="false" remarks="" size="400" type="varchar" typeCode="12"/>
         <column autoUpdated="false" defaultValue="null" digits="0" id="24" name="who_fr" nullable="false" remarks="" size="500" type="varchar" typeCode="12"/>
         <column autoUpdated="false" defaultValue="null" digits="0" id="25" name="who_context_fr" nullable="false" remarks="" size="500" type="varchar" typeCode="12"/>
         <column autoUpdated="false" defaultValue="null" digits="0" id="26" name="wordcount_en" nullable="true" remarks="" size="5" type="int2" typeCode="5"/>
         <primaryKey column="id" sequenceNumberInPK="1"/>
         <index name="hansards_statement_pkey" unique="true">
            <column ascending="true" name="id"/>
         </index>
         <index name="hansards_statement_document_id_77a67b806d7aef3_uniq" unique="true">
            <column ascending="true" name="document_id"/>
            <column ascending="true" name="slug"/>
         </index>
         <index name="hansards_statement_hansard_id" unique="false">
            <column ascending="true" name="document_id"/>
         </index>
         <index name="hansards_statement_member_id" unique="false">
            <column ascending="true" name="member_id"/>
         </index>
         <index name="hansards_statement_politician_id" unique="false">
            <column ascending="true" name="politician_id"/>
         </index>
         <index name="hansards_statement_politician_ordered" unique="false">
            <column ascending="true" name="politician_id"/>
            <column ascending="false" name="time"/>
         </index>
         <index name="hansards_statement_sequence" unique="false">
            <column ascending="true" name="sequence"/>
         </index>
         <index name="hansards_statement_slug" unique="false">
            <column ascending="true" name="slug"/>
         </index>
         <index name="hansards_statement_slug_like" unique="false">
            <column ascending="true" name="slug"/>
         </index>
         <index name="hansards_statement_speaker" unique="false">
            <column ascending="true" name="procedural"/>
         </index>
         <index name="hansards_statement_time" unique="false">
            <column ascending="true" name="time"/>
         </index>
         <index name="hansards_statement_who_hocid" unique="false">
            <column ascending="true" name="who_hocid"/>
         </index>
         <checkConstraint constraint="((who_hocid &gt;= 0))" name="hansards_statement_who_hocid_check"/>
         <checkConstraint constraint="((wordcount_en &gt;= 0))" name="hansards_statement_wordcount_en_check"/>
      </table>
      <table name="hansards_statement_bills" numRows="94575" remarks="" schema="public" type="TABLE">
         <column autoUpdated="true" defaultValue="nextval('hansards_statement_bills_id_seq'::regclass)" digits="0" id="0" name="id" nullable="false" remarks="" size="10" type="serial" typeCode="4"/>
         <column autoUpdated="false" defaultValue="null" digits="0" id="1" name="statement_id" nullable="false" remarks="" size="10" type="int4" typeCode="4">
            <parent column="id" foreignKey="statement_id_refs_id_77080a36" implied="false" onDeleteCascade="false" schema="public" table="hansards_statement"/>
         </column>
         <column autoUpdated="false" defaultValue="null" digits="0" id="2" name="bill_id" nullable="false" remarks="" size="10" type="int4" typeCode="4">
            <parent column="id" foreignKey="bill_id_refs_id_46176610" implied="false" onDeleteCascade="false" schema="public" table="bills_bill"/>
         </column>
         <primaryKey column="id" sequenceNumberInPK="1"/>
         <index name="hansards_statement_bills_pkey" unique="true">
            <column ascending="true" name="id"/>
         </index>
         <index name="hansards_statement_bills_bill_id" unique="false">
            <column ascending="true" name="bill_id"/>
         </index>
         <index name="hansards_statement_bills_statement_id" unique="false">
            <column ascending="true" name="statement_id"/>
         </index>
         <index name="hansards_statement_bills_statement_id_55ead5ec_uniq" unique="true">
            <column ascending="true" name="statement_id"/>
            <column ascending="true" name="bill_id"/>
         </index>
      </table>
      <table name="hansards_statement_mentioned_politicians" numRows="188614" remarks="" schema="public" type="TABLE">
         <column autoUpdated="true" defaultValue="nextval('hansards_statement_mentioned_politicians_id_seq'::regclass)" digits="0" id="0" name="id" nullable="false" remarks="" size="10" type="serial" typeCode="4"/>
         <column autoUpdated="false" defaultValue="null" digits="0" id="1" name="statement_id" nullable="false" remarks="" size="10" type="int4" typeCode="4">
            <parent column="id" foreignKey="statement_id_refs_id_206630e19480521b" implied="false" onDeleteCascade="false" schema="public" table="hansards_statement"/>
         </column>
         <column autoUpdated="false" defaultValue="null" digits="0" id="2" name="politician_id" nullable="false" remarks="" size="10" type="int4" typeCode="4">
            <parent column="id" foreignKey="politician_id_refs_id_46e2b66a4c4fa6f0" implied="false" onDeleteCascade="false" schema="public" table="core_politician"/>
         </column>
         <primaryKey column="id" sequenceNumberInPK="1"/>
         <index name="hansards_statement_mentioned_politicians_pkey" unique="true">
            <column ascending="true" name="id"/>
         </index>
         <index name="hansards_statement_mentioned_politicians_politician_id" unique="false">
            <column ascending="true" name="politician_id"/>
         </index>
         <index name="hansards_statement_mentioned_politicians_statement_id" unique="false">
            <column ascending="true" name="statement_id"/>
         </index>
         <index name="hansards_statement_mentioned_statement_id_144d57244608b1e4_uniq" unique="true">
            <column ascending="true" name="statement_id"/>
            <column ascending="true" name="politician_id"/>
         </index>
      </table>
   </tables>
</database>
